id;name;gender;BirtDate;Division;Salary
28281;Aahan;Male;15.05.1970;I;4800
28282;Aala;Female;07.02.1983;J;2600
28283;Aaleahya;Female;06.11.1949;F;1000
28284;Aaleyah;Female;04.02.1944;G;1000
28285;Aalijah;Female;17.11.1951;H;2400
28286;Aaliyah;Female;10.11.1978;G;1500
28287;Aaliyah;Female;25.09.1987;C;1100
28288;Aamori;Female;07.12.1984;I;9000
28289;Aanjay;Female;05.03.1951;O;7200
28290;Aaralyn;Female;20.03.1993;J;9000
28291;Aaric;Male;27.02.1993;E;6400
28292;Aarika;Female;08.05.1940;B;4500
28293;Aaron;Male;01.03.1958;D;5200
28294;Aaron;Male;16.10.1940;G;2100
28295;Aarshiya;Female;05.08.1973;G;7200
28296;Aart;Male;14.04.1992;F;3900
28297;Aart;Male;22.02.1950;K;2600
28298;Aarthi;Female;24.09.1961;A;4300
28299;Aarush;Male;30.01.1964;H;7800
28300;Aarushi;Female;27.06.1932;A;1800
28301;Aase;Female;12.12.1941;I;8500
